{"blobnet_control_strength": 1, "blobnet_control_guidance_start": 0, "blobnet_control_guidance_end": 1, "remove_blob_box": false, "num_samples": 2, "seed": 1248464818, "guidance_scale": 7.5, "num_inference_steps": 50, "ellipse_lists": [[[[249.1703643798828, 149.63021850585938], [83.36424179077149, 115.79973449707032], 0.8257154226303101], [1, 1, 1, 0], 0], [[[245.1703643798828, 270.6302185058594], [83.36424179077149, 115.79973449707032], 0.8257154226303101], [1, 1, 1, 0], 1]], "scene_prompt": "a rustic wooden table.", "resize_blob_slider_maintain_aspect_ratio": 1, "resize_blob_slider_along_long_axis": 1, "resize_blob_slider_along_short_axis": 1, "rotation_blob_slider": 0, "resize_init_blob_slider": 1, "resize_init_blob_slider_long_axis": 1, "resize_init_blob_slider_short_axis": 1, "tracking_points": [[249, 150], [248, 269]]}