{"blobnet_control_strength": 1, "blobnet_control_guidance_start": 0, "blobnet_control_guidance_end": 1, "remove_blob_box": false, "num_samples": 2, "seed": 1248464818, "guidance_scale": 7.5, "num_inference_steps": 50, "ellipse_lists": [[[[367.17742919921875, 201.1094512939453], [206.3889125696118, 377.8448820272314], 56.17562484741211], [1, 1, 1, 0], 0], [[[367.17742919921875, 201.1094512939453], [147.91468688964844, 297.0842980957031], 56.17562484741211], [0.8, 1, 1, 0], 2], [[[367.17742919921875, 201.1094512939453], [140.518952545166, 282.2300831909179], 56.17562484741211], [0.95, 1, 1, 0], 2], [[[324.17742919921875, 235.1094512939453], [140.518952545166, 282.2300831909179], 56.17562484741211], [0.95, 1, 1, 0], 1], [[[335.17742919921875, 225.1094512939453], [140.518952545166, 282.2300831909179], 56.17562484741211], [0.95, 1, 1, 0], 1]], "scene_prompt": "A detailed, handcrafted cardboard dragon with red wings and expressive eyes.", "resize_blob_slider_maintain_aspect_ratio": 1, "resize_blob_slider_along_long_axis": 1, "resize_blob_slider_along_short_axis": 1, "rotation_blob_slider": 0, "resize_init_blob_slider": 1, "resize_init_blob_slider_long_axis": 1, "resize_init_blob_slider_short_axis": 1, "tracking_points": [[367, 201], [367, 201], [367, 201], [324, 235], [335, 225]]}