{"blobnet_control_strength": 1.6, "blobnet_control_guidance_start": 0, "blobnet_control_guidance_end": 1, "remove_blob_box": false, "num_samples": 2, "seed": 1288911487, "guidance_scale": 7.5, "num_inference_steps": 50, "ellipse_lists": [[[[234.69358825683594, 255.60946655273438], [196.208619140625, 341.067111328125], 15.866915702819824], [1, 1, 1, 0], 0], [[[234.69358825683594, 255.60946655273438], [226.394560546875, 393.538974609375], 15.866915702819824], [1.2, 1, 1, 0], 2], [[[234.69358825683594, 255.60946655273438], [237.71428857421876, 413.21592333984376], 15.866915702819824], [1.05, 1, 1, 0], 2], [[[237.69358825683594, 237.60946655273438], [237.71428857421876, 413.21592333984376], 15.866915702819824], [1.05, 1, 1, 0], 1], [[[237.69358825683594, 233.60946655273438], [237.71428857421876, 413.21592333984376], 15.866915702819824], [1.05, 1, 1, 0], 1]], "scene_prompt": "A cute, young deer with large ears standing in a grassy field at sunrise, surrounded by trees.", "resize_blob_slider_maintain_aspect_ratio": 1, "resize_blob_slider_along_long_axis": 1, "resize_blob_slider_along_short_axis": 1, "rotation_blob_slider": 0, "resize_init_blob_slider": 1, "resize_init_blob_slider_long_axis": 1, "resize_init_blob_slider_short_axis": 1, "tracking_points": [[234, 255], [234, 255], [234, 255], [237, 237], [237, 233]]}