{"blobnet_control_strength": 1, "blobnet_control_guidance_start": 0, "blobnet_control_guidance_end": 1, "remove_blob_box": false, "num_samples": 2, "seed": 1100540923, "guidance_scale": 7.5, "num_inference_steps": 50, "ellipse_lists": [[[[252.1351318359375, 257.9320373535156], [319.6140335083008, 358.3180755615235], 169.15260314941406], [1, 1, 1, 0], 0], [[[252.1351318359375, 257.9320373535156], [207.7491217803955, 232.90674911499028], 169.15260314941406], [0.65, 1, 1, 0], 2], [[[251.1351318359375, 314.9320373535156], [207.7491217803955, 232.90674911499028], 169.15260314941406], [0.65, 1, 1, 0], 1]], "scene_prompt": "A teddy bear.", "resize_blob_slider_maintain_aspect_ratio": 1, "resize_blob_slider_along_long_axis": 1, "resize_blob_slider_along_short_axis": 1, "rotation_blob_slider": 0, "resize_init_blob_slider": 1, "resize_init_blob_slider_long_axis": 1, "resize_init_blob_slider_short_axis": 1, "tracking_points": [[252, 257], [252, 257], [251, 314]]}