{"blobnet_control_strength": 1, "blobnet_control_guidance_start": 0, "blobnet_control_guidance_end": 1, "remove_blob_box": false, "num_samples": 2, "seed": 1248464818, "guidance_scale": 7.5, "num_inference_steps": 50, "ellipse_lists": [[[[256.0, 256.0], [1e-05, 1e-05], 0], [1, 1, 1, 0], 0], [[[271.6672, 275.3536], [136.85061800371966, 303.75044578074284], 177.008], [1, 1, 1, 0], 0], [[[271.6672, 275.3536], [150.53567980409164, 303.75044578074284], 177.008], [1.1, 1, 1.1, 0], 4], [[[271.6672, 275.3536], [158.06246379429624, 318.93796806977997], 177.008], [1.05, 1, 1.1, 0], 2], [[[271.6672, 275.3536], [165.96558698401105, 334.88486647326897], 177.008], [1.05, 1, 1.1, 0], 2], [[[271.6672, 275.3536], [182.56214568241217, 334.88486647326897], 177.008], [1.1, 1, 1.1, 0], 4], [[[271.6672, 275.3536], [182.56214568241217, 334.88486647326897], 7.00800000000001], [1.1, 1, 1.1, 10], 5], [[[271.6672, 275.3536], [182.56214568241217, 334.88486647326897], 3.0080000000000098], [1.1, 1, 1.1, -4], 5], [[[271.6672, 275.3536], [182.56214568241217, 334.88486647326897], 177.008], [1.1, 1, 1.1, -6], 5], [[[271.6672, 275.3536], [182.56214568241217, 334.88486647326897], 179.008], [1.1, 1, 1.1, 2], 5], [[[271.6672, 275.3536], [182.56214568241217, 334.88486647326897], 178.008], [1.1, 1, 1.1, -1], 5], [[[271.6672, 275.3536], [182.56214568241217, 368.3733531205959], 178.008], [1.1, 1.1, 1.1, -1], 3], [[[271.6672, 275.3536], [182.56214568241217, 349.95468546456607], 178.008], [1.1, 0.95, 1.1, -1], 3], [[[271.6672, 275.3536], [182.56214568241217, 349.95468546456607], 170.008], [1.1, 0.95, 1.1, -8], 5], [[[271.6672, 275.3536], [182.56214568241217, 349.95468546456607], 172.008], [1.1, 0.95, 1.1, 2], 5]], "scene_prompt": "A cute brown rabbit sitting on a wooden surface with a serene lake and mountains in the background.", "resize_blob_slider_maintain_aspect_ratio": 1, "resize_blob_slider_along_long_axis": 1, "resize_blob_slider_along_short_axis": 1, "rotation_blob_slider": 0, "resize_init_blob_slider": 1, "resize_init_blob_slider_long_axis": 1, "resize_init_blob_slider_short_axis": 1, "tracking_points": [[256, 256], [275, 271], [275, 271], [275, 271], [275, 271], [275, 271], [275, 271], [275, 271], [275, 271], [275, 271], [275, 271], [275, 271], [275, 271], [275, 271], [275, 271]]}