{"blobnet_control_strength": 1, "blobnet_control_guidance_start": 0, "blobnet_control_guidance_end": 0.9, "remove_blob_box": false, "num_samples": 2, "seed": 1248464818, "guidance_scale": 7.5, "num_inference_steps": 50, "ellipse_lists": [[[[227.10665893554688, 118.85255432128906], [85.48122482299804, 103.65433502197266], 87.37393951416016], [1, 1, 1, 0], 0], [[[361.1066589355469, 367.85255432128906], [85.48122482299804, 103.65433502197266], 87.37393951416016], [1, 1, 1, 0], 1]], "scene_prompt": "A frog sits on a rock in a pond, with a top hat beside it, surrounded by butterflies and vibrant flowers.", "resize_blob_slider_maintain_aspect_ratio": 1, "resize_blob_slider_along_long_axis": 1, "resize_blob_slider_along_short_axis": 1, "rotation_blob_slider": 0, "resize_init_blob_slider": 1, "resize_init_blob_slider_long_axis": 1, "resize_init_blob_slider_short_axis": 1, "tracking_points": [[227, 118], [361, 367]]}