{"blobnet_control_strength": 1.2, "blobnet_control_guidance_start": 0, "blobnet_control_guidance_end": 1, "remove_blob_box": false, "num_samples": 2, "seed": 1248464818, "guidance_scale": 7.5, "num_inference_steps": 50, "ellipse_lists": [[[[256.0, 256.0], [1e-05, 1e-05], 0], [1, 1, 1, 0], 0], [[[256.0, 256.0], [144.81546878700496, 144.81546878700496], 0], [1, 1, 1, 0], 0], [[[256.0, 256.0], [123.09314846895421, 123.09314846895421], 0], [0.85, 1, 1, 0], 2], [[[256.0, 256.0], [110.7838336220588, 110.7838336220588], 0], [0.9, 1, 1, 0], 2], [[[88.0, 418.0], [110.7838336220588, 110.7838336220588], 0], [0.9, 1, 1, 0], 1]], "scene_prompt": "a slice of cake on a light blue background.", "resize_blob_slider_maintain_aspect_ratio": 1, "resize_blob_slider_along_long_axis": 1, "resize_blob_slider_along_short_axis": 1, "rotation_blob_slider": 0, "resize_init_blob_slider": 1, "resize_init_blob_slider_long_axis": 1, "resize_init_blob_slider_short_axis": 1, "tracking_points": [[256, 256], [256, 256], [256, 256], [256, 256], [88, 418]]}